1,Tabby,Steger,tsteger0@de.vu,6354591816,2 Thierer Junction,superAdmin
2,Aleta,Clavering,aclavering1@desdev.cn,2208706316,62405 Merry Plaza,technician
3,Patsy,Orchart,porchart2@ibm.com,4734835137,693 Nova Road,technician
4,Blanche,Prophet,bprophet3@economist.com,7763821407,5173 North Terrace,manager
5,Theda,Draper,tdraper4@devhub.com,7041746513,66 Superior Alley,manager
6,Rafferty,Frostdicke,rfrostdicke5@ucoz.com,9805076681,8 Delladonna Parkway,technician
7,Roi,Lamzed,rlamzed6@vimeo.com,8846875214,5 Sunbrook Plaza,manager
8,Avigdor,Mizzi,amizzi7@mtv.com,6554398772,41326 Hanover Point,manager
9,Glori,Cox,gcox8@timesonline.co.uk,9495623767,6 Dexter Crossing,technician
10,Florenza,Schoffel,fschoffel9@hud.gov,2779866316,84196 Village Green Place,technician
11,Rodie,Woollends,rwoollendsa@woothemes.com,9713949393,44653 Maywood Hill,manager
12,Nikki,Craise,ncraiseb@smh.com.au,7595756390,58946 Drewry Place,manager
13,Delinda,Dey,ddeyc@ca.gov,8581258708,4862 Brickson Park Park,technician
14,Earvin,Tregiddo,etregiddod@wisc.edu,2206199554,03675 Schiller Crossing,manager
15,Licha,Abelovitz,labelovitze@telegraph.co.uk,6237294660,2594 Johnson Plaza,manager
16,Rhett,Pawson,rpawsonf@t.co,2434620716,24632 Elka Parkway,technician
17,Edythe,Clementet,eclementetg@japanpost.jp,8435574441,33222 Crownhardt Terrace,technician
18,Nickie,Cuchey,ncucheyh@histats.com,4895517826,7 Elmside Center,manager
19,Maryanne,Wressell,mwresselli@shareasale.com,3963082365,0 Lotheville Alley,manager
20,Torrence,Kibblewhite,tkibblewhitej@msn.com,8928541469,94556 Hudson Pass,technician
