1,1,$2a$04$3EFrcUOXa0OCqYbfSawBY.dYkiED3jWqeL4nPD4CoFgI.1GWK8koi,$2a$04$W4n2hVTiRg53O9hnTis05uoiRXYptdPU/Fc1xSISvo.MRugD/y88S,I96670745983742,2023-08-06 14:41:01
2,2,$2a$04$j4b9HLN831opiib0V6fHDOm14ap7L3WRsTqknBqRnilQtZZ2tALYO,$2a$04$siXWpEC1Fi.ijJYH1rpuhO9ipiVwf6cgZdKVDyJYIpPTmB5TuYv1K,G23005417297863,2023-04-08 01:25:21
3,3,$2a$04$n41MEMJFHxI/d/iWH0xdcOkMKznWcPtwrNu.enLjcV5KHaox9qvD6,$2a$04$z/qIqAAvhHQ4p695s2m6WuBka.n7oiPFJymYz2zxAxxSQ7vgVh0Dq,F25356251439825,2023-10-15 13:50:22
4,4,$2a$04$JkT60HWS.T2PQDkNZq769.RssZ3OYcm3auSk46sEBnTclEnpyHJku,$2a$04$lSXhsSToAunz.Mh19118ne0rkwhD3anhE.Fn6o5Hj.ZRy8ZqjBdva,U25064328606142,2023-10-06 20:13:10
5,5,$2a$04$E5jBrOZBok3rGid68C.1JOh1Yelm3IFiS0FeG/jKxQDG.c6YkE8Z.,$2a$04$j8XsPoJAxMwQwX3xDfUnauvHAUwVf.9EN1mmnIDss.8piTp7DHHFa,C75881620476833,2024-03-02 02:57:59
6,6,$2a$04$eAZX1mo/tDu7PkXbAFkar.BmoeejaNYK48gYtqk/c6nab5SqOA/ry,$2a$04$fhxamBlGoBufqR3IR856ley9iMaieOkvmj0yh4yrtWOvVY/gPQdJW,L45026077556480,2023-11-16 07:04:38
7,7,$2a$04$oV7ebJjpyoC4ks1WpKBpYux7s8HBFpUJ1yLYbLJRuJQQ2JmXiwh0i,$2a$04$/4s1GNzme2jjlKbe7O4Miufo61uNVD68gWwLbe/MqTwz1OH5p2uQC,V19237356992642,2023-10-23 07:45:01
8,8,$2a$04$isLOrqVMSUuu7xWry0QYKekPBwO/CvRuSG4eCwdNWcUebHbVHF2xa,$2a$04$GkGR6m1OLS3i4zv9dL3w1u6d0l/iOHfMdOPET4/.u3BraIuwLed8a,P87226193493909,2023-06-12 13:41:35
9,9,$2a$04$zE9T1CFwSyAaNkRSbh/Kw.a19MgF5D/jXpkWixsUR/KurMFsZkiUK,$2a$04$9qLpb2AiRYr6Smrm3TB7dOnRdXF4tfABNnNY/pvy1ea1XfXHu9aLC,N56834854481057,2023-12-19 03:41:34
10,10,$2a$04$Awh.Jeu710qL4Xbybj2n0euPTaE1isWfg6TmW5Avf32HDq7o0IdO6,$2a$04$lqIckzkRsW3xiai2aRj9FOE27XF3OXVaf.X1M8C4EzKmGOy4X1CmK,J87895470258351,2023-02-03 19:55:06
11,11,$2a$04$7klM2.Fevfne2C6H7q.7quN2le0WEbGBTZVLvq6nWAukrecywS/OW,$2a$04$lLic1DjOedWWnW6FQaiZceQ8jq9OfIBDDe7RPa4qgJ3aqStW6n4mG,M90526830311912,2023-11-04 07:54:15
12,12,$2a$04$ejnFrbCINIJy2S86qGSz0OtjF0GPfjamKlZFCGZ.f2q5.6Am4.r72,$2a$04$YlB23oTjCLPI.OY7FDOIou9BA95QrEKA/AE6vKVfkhw31Fo3oe7c2,N60004229422223,2023-09-24 18:12:18
13,13,$2a$04$mABztPXywxEF27atbnxDheORSn9iHnD4OJJyq25WhuB2J53qQgzDq,$2a$04$Hv.LEo8S4BtXzJ6baMruG.zFJIEZJQ8tk1rsXaKYF8SWAgwYeiIIq,E73725928843550,2024-02-15 15:37:33
14,14,$2a$04$mpj8HHTh6t22I/8lp52uJe.zfd.0qNRkce1kPdN.aSFMPqQm8SqM2,$2a$04$S9c0aFQxfKyG3QaH0yr7reV9Ha5CibtI2fwvS1CpLQQhQMRLIroO6,U82548510742695,2023-12-06 04:22:33
15,15,$2a$04$5U/Dop6rkqzzjtaXu8EUK.jaN.NZPShzx5NuCpyPQbsJz/Esrz1Wa,$2a$04$kx4mTJoGOZUmoiukIFXbDeH5nDvoHrGFW4.N/9yQF001FhinoGzjW,W55496494796644,2023-02-10 12:50:11
16,16,$2a$04$ja1w/ADYIRyT5F9s5FQqPOdgitoyCQBH4UmWKM.PvllNKdrLqLP0W,$2a$04$kDOkz7muQc.mmZxr/WA2Uuz3BBRCMCx2/RbDfVaNWF2/TPYxKjy5y,Z11226785662506,2023-08-20 15:37:39
17,17,$2a$04$DUJuxeW5G0jilAzXYjofQ./Z/sDjL/aYOfyattBPUsz.8Rsq5C6xO,$2a$04$f99z/DJv0Bg9PT1Ld2GaTuTd.3zNZ4QWNZuWCJZ7ScuSnTARI5BAe,N87778191930551,2023-04-07 22:12:22
18,18,$2a$04$/XCocpqy/FDZk9q7S4VEMuo8FtX3EyLTgOcrgMlCuGMgf6hcrvKHm,$2a$04$q/DJZBPuJzvl/N/JGLjzcO8G6ln1ulQithpCKd13LJB8GN4hI1HIW,R36578819583636,2023-11-14 13:31:26
19,19,$2a$04$QLabDY/6NbgSbjkLQ8U9UeKNILzhEr5JfPv4zsPzhrbpAju/BfBka,$2a$04$0VTDoNzeyrk/42Y3kLMVHOnRwOGaSEGkHTfWeQFpBLrcMOiJMbPiG,A17046949140707,2023-04-08 23:03:48
20,20,$2a$04$IjtJ0DfCh8Gkt9WNnAmRKODBYe8HfAs0v..ftxNG4p1KtvXIx83.i,$2a$04$4Yfo/KdXCgWL97VNF5R./eakmCS8zvGloJJEAJc3iUjJgXtd8Mdxu,P84486181854073,2023-06-06 12:56:11
