1,1,$2a$04$vbqjwrVuozGNF6gVTr/peut/zb1fmcvuy891uUJjDL4HGAtV9OF5C,kairs0,$2a$04$12QkezWYL.A0ACp1AASnL.QJ.WSpdQT5uPxxDmb2FP3ioqtYtL5bq,D58748916955871,$2a$04$DAbu9Gt15WSy8seJnTHNAO1ebNwEDcGSoxNl6B6os4l8HpZTb6vwC,2023-10-16 20:15:29
2,2,$2a$04$46Ze7EOX4jfqYYK1LNwFreDOOMJOhJw8CmlOhOVegx6IcCeA9zVY2,cmiddlewick1,$2a$04$A9epeY4fZYex1B25bQNZDOTiMNLyLfJtCCUWsMEwJiu81vcocl6py,N55198563935090,$2a$04$67uebDa.d9eL4dh/89pcAOAviKcDyrz69uAXWsy.8jHp36yEhNxIi,2023-02-01 16:46:08
3,3,$2a$04$VE5l4nKeiCSGSbS8I16.KeSNBEdoubZIv23MR5FHK6ymRX3VpnMMG,rleslie2,$2a$04$bd7yV2nqUpviqddPJ7o0P.tPvLu/Hv1zzl4VfCe2JA5hCDVLDpTBS,G44340315522760,$2a$04$rwf3DjkxUNJH8BYk8fNmuuQnSyINI6Jggps.FhjiHa0Yni1TZXw1m,2023-11-14 02:24:19
4,4,$2a$04$tOFZpaWksdkhpogcUxOyj.62f9ZnrmynEZ7lQluCivofmVKmi/X82,vkaliszewski3,$2a$04$mMbk3TJITQwjHLq.DpsA1.uLqMugWkNqjB125EYkfgvFj81lhz2U6,J86560746946328,$2a$04$B5D4imSnLulGpZzYZfbcoethnWvjF/tmMJuyqoqa2z493QCKAbueK,2023-10-19 14:33:48
5,5,$2a$04$kN6Tb75lXaf8S/cjipymYOsJeOCO.Ooy3S.9OQ.bILTm1aFAlzg32,krowantree4,$2a$04$xggg8txMhb8xjYJCws8oSeBTWPiuvLvwaodpnbknKLL3Gy//K4Rwm,X43066061912751,$2a$04$Cv8KL63Ien..Pub8iuzH3e4RVYQNuuNPqZC/nO5BifKfdRgM.53Nq,2023-04-23 08:58:59
6,6,$2a$04$ZfsKTEw07klGlgv07zhpbe8v/opmgMwaMBLLXQnxx2mU3SKQ4lk/y,gcason5,$2a$04$KEi191jdAtRa3ZWJ8AaINOa8FirSElbyqvg67lZk6rJr.5f5RdxPW,H64641993156154,$2a$04$3z./LVjmJ4Wsit6IY.XUn.DPrDHqT.ut.kx1uZfmMYDqy/x3zGufW,2023-08-19 13:29:50
7,7,$2a$04$KOlBc.SEyzpMuHLthsbJgenkiUi8OEFuX0kempXlRUriT07WhG1vy,iromayne6,$2a$04$9M8FdVCrH0MoUvfA6M614e4VPVFKAoOvlM6xKyLasV6qMGVTLb5My,X52362711536139,$2a$04$oJn1FhVXS/h3VcDxGBw6Hu3A0UeZ9YwwIsm9MHTH0iHW2h7sNjiJW,2023-05-10 14:43:56
8,8,$2a$04$wqc/18B9ub2b1YfEhEaZiOffcgZtUJK3x5MiOeY5nQBAQEJdROSjG,dbatterson7,$2a$04$oMS5noeHygla4RXP/fQOlO2h1tolQaGErmttcJextLXmG8YAbLoM.,W82159226994882,$2a$04$Q3DCcmyTA8M1FWstDQqaaOYq8BKs2uSbGskqsUiIDVUNGLD6457Km,2023-01-18 14:44:46
9,9,$2a$04$tX06Hg.NQZfmRlwzONaiSO9j77eZviEH8c2KmYUzC63ZvytzavC6K,kbartleet8,$2a$04$29MYdzOc5KxEk9SW5nega.lVQfn8d5cKipu066doJ1IOId89dMx6m,J95636483304955,$2a$04$8zV9SC5mVMlyw06z15xRUe1akUDC0.dtH95q3fHRf8N6ivOyHeUTW,2023-02-11 01:27:59
10,10,$2a$04$Cqi1hnxJ2rxAtqvRDWDHUOVJu8BiIO5BR4TtY0QMuBWMOfnAfP34G,rmcnea9,$2a$04$Jr7W2opU7mccwCdfQPbypeEgy3zSnBsuFAyFFnrNLpYVhAOPIoMQK,X26291643239034,$2a$04$S7vHpamQdQF78Sr8ZvWAguxWQGSN.5fObAqPgA/R6xiRS3mAyvT0i,2023-03-08 22:06:28
11,11,$2a$04$KuYhT9wSvWSvig4Bj2fJ.eQf4EFpeFbzI0ebJOGMFxt5vxN3Pyi9y,amaccartneya,$2a$04$JQaS01xP1PETzDyU8hJJuO.0sR7hqp7xulsf3OXdbjbVKpqCcBUKC,O60970791662783,$2a$04$RRLjuq.AJEppP3zgScYTTuHx8oYT4OCxn0iFcF2pmwkLNP.v/DRMC,2023-10-21 04:28:43
12,12,$2a$04$nQLH8f37Z0y3asnnTuaOIuD9eEornU1dr5RVV4Xe7UzBWfB3Si3GW,asandyfordb,$2a$04$IH0SBkMTvdUJ9Plh3h97V.Yf/opFFO.UrYiXXEY8I0dNj9gsDm5Ru,K94800105046685,$2a$04$xkQb9Kk9IpJV4pbockVVVuogAcy.T1FSbyuFsxbb1BHO0Ko3dvNoK,2023-09-16 20:04:01
13,13,$2a$04$hLKerHKaANidOMQn7ARW9upsjTtsWGXh0upHgpqU7VTpu.p8fRgnm,acrichtenc,$2a$04$I3HqhvqFOarO.4X4y5SSL.kXOGinx4O2AMGDfV.h9DgxelnRTGTAq,Z64378517699068,$2a$04$0/CDLOOY/1VIXX7pOJ914elbwNtX1YRU.Yg8muXwvyNCWmiwcgbr6,2023-12-29 19:06:19
14,14,$2a$04$xJM8863i/Bf.AEnQb/ccc.VopqRLYlWPwKDDhad9/ItG9TVduvwVe,abetheld,$2a$04$IgQGcUIoAp2tqnk0/x6oXuE/6OpLBSzDIHwtKL522Y.MiFrxYy7LW,B95049772037300,$2a$04$5g9ofX/UWIgaCr1lI3ZbLubN62LyFiQMgGcnkfVBrDFjZ09W/X8WK,2023-11-05 20:35:35
15,15,$2a$04$Qxay5nMZYt1ExVZC9hmOpOa5Z.SwREUXwvoWY3p/qkhA8bA3MrBtC,kmackilroee,$2a$04$QG9yrKH0hHRfuVdHMvGdL.BgKAXTBAHHjFEg.4W0bHJhAgoOvQeKK,J82896998202263,$2a$04$UyGccLje3uTurmxzuGiAoeyaEM56KCqs7uiFswbUS7sZdHotLZmsy,2023-02-03 09:36:23
16,16,$2a$04$Vq0Y8bOC4MfApF3TiRf5v.w1p5.tMJ2gQ0O/8e5VEEt4MwzHla3n2,jholtumf,$2a$04$Q7obi4mBfVR394NX5oCQzeBuwKvhEZQnRkSFyT7qr7D7HDeRSWCIe,A22425423684323,$2a$04$7QEKTRlBRskF4arX410XOOijsOJ5y9RWuPmqyg83umfMSOu.zelz2,2023-11-13 14:30:12
17,17,$2a$04$PFkFDXARwJfJkWrLWqx0cubwq33gMF1aWCStmxTUjcZw/Zhhysf/C,gterbeckg,$2a$04$o24j/hCvjce7jxrdqeMqC.EjAi5FlMQV9rMGpr3f5IzC71qo1a4oe,K55312625547258,$2a$04$/gqmg.CdR5vrPc.jUB/qyuv4MTnYLma8B9uKe3aNsLFwtlSZSbS2C,2023-09-21 04:40:39
18,18,$2a$04$x2NLzHxwPa7h5/EY1wDrgOEDGHFaDJd3wxG4DZisBC/PPgkYksd9q,gterneh,$2a$04$e/SubXV6nMwNkGc4Ky7BTOAbJaVN6ilHpARwpNxxL2nkZNY7orc6O,B00105940579019,$2a$04$49Igcl4VZyxug5ifVLwQae3GYdhaEWBc7Z25ybAnltsLnCM9Qc6EC,2023-09-25 21:17:43
19,19,$2a$04$BkIbAauVBDUBIuVsZMi7PuBLha0eVgc19.1xJjavs.jyRxumRIQQG,hconsterdinei,$2a$04$ZYc4YTm5OaAAX0zhjTujMO6tNJpW11YL351unyY80cGv7Y/cgNP8m,Y12965842675327,$2a$04$Of3U.qc3XpDSfIF1gq0NiOJQX3yuCC59Ev20wleiTcl3n.NKFontu,2023-06-26 08:19:02
20,20,$2a$04$lVSHtIjdyjBM9rDqmOQAKuRM2adM6OvPqKI3yV2hU4V/PETi//Vnu,chammondsj,$2a$04$8rYhdzp7jkW2jG0IGQPd3uZIYl1nlX9E1J3nJiXmH9CEUSaTfC4u.,A56642853874930,$2a$04$lyu2VWefT6dkobKj8AR7lOqm6WePC0u93HCj.gK5a1uD2B.Eis5e2,2023-10-13 14:25:06
21,21,$2a$04$FnNvMuJpaIMIxK8Zxx8/lOpy3KrGPrfkRY/HPrO4SyFIweHBWJCsK,ahoyesk,$2a$04$kbTiSWsPRxCtMe5tx67re.RJkXuCWLJZZm2HFBlt23/p74Y93OPmm,Y43516174815591,$2a$04$ife4Jtaxz87TLqKpxk/qjOJm8u/nAXTlqMQVGea.5o8ble3J0dfJq,2024-02-24 01:42:28
22,22,$2a$04$ovDveLu5xXyFpiRxQNn1OO5SCGPtaZP/0DipCJzpQw9T4r29QwGxK,wdickiel,$2a$04$8tvEKkgf0wxld1v/YBlef.PKVw1VVLdmq3VjPRkDoxREDyv7kCgvi,T94491607384010,$2a$04$thGlKrtJdS1G2V7QnRNWS.WYaiS/5gcJDeDEd/uCHnoERsZ7bnEM2,2023-06-22 19:48:55
23,23,$2a$04$sWH6zgsXa6ME4t/HRfC6y.KVuFBqj06eM1ZQMVfdOpEUObRkvqZ5S,aantuonim,$2a$04$skn/e9xe0ltm2r6kzyVpFeTgVl2H2HOatntZe/G2md0..21IjdZ9m,M42932975395710,$2a$04$vbasCMPzu7PkiD33VsI8S.t3XKjzwCiMML.cLLb1mU8LdhPo7E2eS,2023-04-02 09:17:44
24,24,$2a$04$WOaZYACvmx8DuGoT9Rpyuu/QV.Vd.qb3GzCpR8utZpIM3eLoO4qU2,ssidlown,$2a$04$ov//uJcHjA6j9HUMM6oyfe6cPkxrYYCrKUTdZ1ruHZpzYJsijELT.,Z61809031661216,$2a$04$NBrTe1AMzCrrNIR7cMfbdeNkDojZ6nGlRI0v3c1C5O1E.TmU/8wzu,2023-11-07 10:34:39
25,25,$2a$04$H6qf7/gjDl/uuEi6lFCA8uqkQLJErmgmrH9d2bmbdBdzTHlHynYC2,fmaddyo,$2a$04$3caLN83e3wG8M8UVZCINdeiZIKvL1cEA6yJ5JGNX/89Hj9YSvjsl2,H39827022198017,$2a$04$wdiXsxHN9xmCBkp.gpnZH.JsZrN6pczLYOwbjcM5l5VWmFMm1LObS,2023-05-28 23:08:42
26,26,$2a$04$oQ7NMc99XbsKg7Xp08IZ9uuSx1gQoiN8JBs/tgh30CKfvul0WCf7e,jfalcop,$2a$04$chATWhCklpmqAAg3ctSQVO3oDqHRD7ImR1Q08wTrApE510BHWhpEK,U89331470940998,$2a$04$RwCHNLkmiED41L.Aj8pL5eiJHA1Az2IFeGCUG3QWXeCniTtxj/XvG,2023-05-12 22:06:01
27,27,$2a$04$Txae.8rrclOZ7nwcsGLweOOAjWInCda9P3VzU3b08/DK9tBfu9626,cnolleauq,$2a$04$FEV8WB35yhASJeP1jHrjjOod8TSKEQ3CqdngV4daN009xdcGs3IOi,F90989585432623,$2a$04$97hrLGH3Wtv6mNs5qbXTq.uNmAUtRafpUhsTHSQ31xsngJ8YgtL6a,2023-10-06 05:41:40
28,28,$2a$04$zy9Tltc0t09MnBQ0LinGBOUzFhKauZkWOnZn8w/7ZuL2AbUoclOyK,clambalr,$2a$04$XFSvIcVYV.RCY9gyzfn6xeNA9NqSEitAfrpqt4FriPRcCjfvvY8cS,Q26018308614208,$2a$04$6AVUiLeZ3Ko9TiD0KcOhHuF8.AGxmK8DqdWisLXpgbec/goPUQuS6,2023-12-27 17:09:06
29,29,$2a$04$JzVal5uHiJ0DsvpvJGtAp.cb3ZpIikhF8LBB94tQ7ZyYGrhspMzYi,wcollatons,$2a$04$R1jVuszTJJjSAVNrmbfFQ.sI/6q3hPHSHXL27xWDOq/99kG9gKqmm,O05850803175145,$2a$04$2DWh7gHqZDkOZE0jBRBaSenup7fDNu13lVQ9LLRs60.BLJoa9nHZO,2023-11-29 12:21:03
30,30,$2a$04$uCs4CJUxwqitwooMadnmKeaRkXzkbXnLQe/Gd7Z4W4ToBXpEauo0K,asculliont,$2a$04$lciMKhVGRfkt3oM0zSN.VuY0NFmRA3to5fmUjbCcx2neTkAJoVleq,S32174653152905,$2a$04$.ssv0wmZvSC9W.QgXwGNOuEQdY93Oggs8Urfi.sCXwIkDgYgmrG.y,2023-04-07 22:17:09
31,31,$2a$04$6AGWCjDske3OKKpGQd613.sL/PMx8JZC2Lz9Vp87zE3CScJPccgvi,dscotchmoru,$2a$04$ja0Y3WR/FUqAfMQb6LVPROA8bGRmPTrQ4MdFngTC1TqP.2Y3nPKH2,C54398329868043,$2a$04$kBCrQQyH54EWFpC0uK2m0.JRv1feEp4/FafbT//ttKQXT0PddT1ce,2023-09-25 15:40:04
32,32,$2a$04$nWrl5ac/VRk5XMsoHVKNh.sGjCnJAd7EFXtMvcgGMRJlcUsVRCGdW,rpoddv,$2a$04$d8toB9JlxLDIKORna3a2HucQbwVv9HYIKgPkUVwneb3iS8zRwoTNe,E29506567364741,$2a$04$/.0rnMx7ErpGmGjl7QAWF.L3dLCD6IhF9.idkpNM66XZYSIFEHFIe,2024-03-02 08:57:17
33,33,$2a$04$7QDlTQZ2/OMcDuYwu9OQseuPxpJd2EkG6LlewbhkGpatuiXQRvsLi,vgyppesw,$2a$04$s0PHBylCx/xI4atH4OjHoOcZce.8dGFd2BQw3ntyCEOnpG1GF9xcC,C32572667950089,$2a$04$8.wUNkUs4keNS5/8PAHSTeEw9xP/n6EH/TEu4Y3OUKj9X1d0WH3pS,2023-10-18 18:34:57
34,34,$2a$04$.Jy4PEf1TmJPvcYyjZ4ijeG6ZbBxgvpjpU2uKsHdzH86AizsQgeRa,knockallsx,$2a$04$gAHDn2n..opJEOJdqt9tD.O9m02aIwjhJUFdOd/Vn7UkDy6I8oMtC,P50789253094758,$2a$04$gcAH8qY4pOOETB4Ss53SY.DeeCkJPaOuLG/rrL6uDG7AxYOekAEm6,2023-01-26 08:04:43
35,35,$2a$04$rvEbEZsrYpmGsxdNaUBmJeWtwe4bfhIYzqltNAIxXDHaFYe/z2ECe,kjoslyny,$2a$04$1LrZGhjhn1ToSOudnmNv/uNqIWYZ.AsVPpu2MCloYrcyFZ3glW/0a,M96175347058979,$2a$04$HpNaJQ2BB/AjjaxOpYlc3ejjQXzIzs2nxjyFMTkBqKsTIcz/q0qXC,2023-05-01 18:56:39
36,36,$2a$04$rE0qc8/sUIFfgRaC94QzUeAv.CNtgQOiG86Obx0SA4RWEZMMVqwO6,gbennoughz,$2a$04$w4qyH080zV51mC29yY.ayuQtPw4oCCc6LHf7qOSMe1ti353VwAZ52,T32594070074403,$2a$04$owEk/ZmFHP7B6E1oiIxBcOsPK80Mqiqb9SJ/81ts.So/eBHbEXNKO,2023-05-19 04:35:14
37,37,$2a$04$3SZFbPZZlOsgXhjdl3askugCzOV.qCki6EO.ia/ZK86grbuvODZQC,mscown10,$2a$04$7V1F5ugTDBdVgcZG2VBKReEesiT.wP8rkW6ICtfIWn3.ML1HLXEsi,E29344945543163,$2a$04$2Yai/ZqTGRn/RmjEunk64ueV/aaLA.SwChzx5pq7/j9cDfN32GIim,2023-05-26 16:55:03
38,38,$2a$04$q5OpDZin3xhnrIQ.zhY4O.gJSUFxNT.LT4xOYPh9Y0DYN5097N17W,cscala11,$2a$04$S8YG89vbtNAfoNTud9PMxOEzjuWv.Eq6n8Mb271XdSXJpw4Igwrgq,P38167345754774,$2a$04$3RTLVEN9fsg13o7keC7syuonIeCR3sStvdl3dpsRQYK.E1O3sE6/m,2023-06-24 09:19:08
39,39,$2a$04$FyKmy7M26x8Psym.kjbtGuctF8D.bogNQqhKybhPi4vv6QQCX7l9q,eyair12,$2a$04$d1FocJwFxnWlbYaQu9mBDu7wbbClE09GthSjXyk5HZk2DlW/wElE6,Z57096693135621,$2a$04$/AkXdXiIXVBJty5tiBlOueBRMQFdxmRGFGV9N/uMJAMsyCE6u2DXG,2023-01-18 02:14:46
40,40,$2a$04$NhlTzfX4G0/x7JBBgFyKVeRBRsaVAsGxx3eBBArOgOO6T9/huZ2Cu,gallawy13,$2a$04$0GWuYWVQpmUs8DOGXJuiS.PbL0YEih.e53L.A58VVy61YzmujNaYK,N06965784252879,$2a$04$22KEq4qmzk.XUkayn5LKC.2yMhOxnlMA9mdD6lKBQADxt520tmtoG,2023-11-14 13:28:58
41,41,$2a$04$cac652dvzADYheK3qjPqcOk/3NHhz7o.Hswp2IOEQKLKn0c9vAzOa,egrund14,$2a$04$5weOFdh9BDuxYQuXi6gQIOLUdLiY60jln/cALFZmjvW0CzfdQbSKe,P96806804490198,$2a$04$BuvxELOTXbpAex2IwfmXU.KYAIxVrbLt1uAzaBq436pegCckUbtvS,2023-11-02 17:42:35
42,42,$2a$04$qn2TTvZMC6r.lAvU0MQzRO.RpYhkLK9qMAiAu2YWztar390M0kYpS,tgaineofengland15,$2a$04$aNn0aAhGAsRnmKMb02IoV.j5bNNNrKsI535cPzl24uuJYOoPzJh7q,L97640587994133,$2a$04$42eMYH4ds8lL9O1fZauQPez/e9DQBsedt9t0hp5eIxyChdP0k/EIa,2023-12-07 19:34:04
43,43,$2a$04$xFg0.B5W5HX0g1TSvjzMqenUDdbCUESzf.HrF7eDZrBW.baXo/OuG,cyounge16,$2a$04$ncBgAd/y85RN9PK9D97dceR7Td/DzfBV4gZWIApdIFCId6jAsnrYi,A35591283384747,$2a$04$wm4AkVpBdT0gNzYdLGzO/uDzQ8P9g.73ncpFEbaN52Y00cs3XPWDq,2023-07-04 01:24:36
44,44,$2a$04$7/pNftWRxgJy8bbOExzZiOGghBt3T2okPAVToQpI0UQ4nl2LnU5LO,eneilson17,$2a$04$IdrbfVhsFJQxXvrgkToQV.hIVjvrCu1Ct1Zz124C0zYunJ9W0hZom,T08944448135325,$2a$04$Hyx2IgqQf6qpWXuLDdymYeke3Fhkfcd85u6cYvhT26rASV9QnShUW,2023-03-05 11:25:44
45,45,$2a$04$5YVJYN2V7b1cb09431FDyeewE40i44DtwvdkJkEBzWbN4PdjbdyvK,gchafney18,$2a$04$Q8gKdcCRMuI3Nw.EeO3THO6AwH3dB4iTijhP7lgfW9v5BTrFZKEdW,W69010703842905,$2a$04$R7lGvZ5bj4js9gHPYed/yuSv527R43QlSXOct/gZCLpNNTv6NY3DC,2023-01-27 01:08:59
46,46,$2a$04$yX5MFlTOVyjv0JfVfxOdlO7EtKhcqKBq82MNW585diR94HtuwDPhW,zdoxey19,$2a$04$mfSUaPwrxDu/scq46hx7oORFy2Y57fBVWrDMPJNW7MxPci8VMpwpm,G16533812571559,$2a$04$pk/V.k6L424LM0JrRJYJluUmMArPtH3DM1W/8GtizgAosiMBmb2T6,2023-02-17 10:34:32
47,47,$2a$04$jjIdcAoMVdTBstTWwBQcjuGYP5N1KH71Kjp8Ajf5Vuh2UlIvR7ocC,fphilcock1a,$2a$04$SApdg8JoXs0G8OJ58Mthx.At99DJHqpIofGC05YGkfXFgBTPdCqq6,P80471829922490,$2a$04$C/YpfkI9B5H3Svgx9Jnu9etmj7mZ737Q7NJijzya1ds.6nBbnnSeu,2023-08-21 12:01:21
48,48,$2a$04$pGsDGZvW8JDvA2iI5Io4meKcAbGnPPJ9iN3tEEecF78lcjxHWfDyK,icuredale1b,$2a$04$79JP7b0vT1l8ZFBGNDKMn.kdbAnnbrwRMmdbgNlfLxl/qbeKLPnRW,J90510362246598,$2a$04$kL1qZl0Bx/JUnn/2nbtWm.t0BJ6ZgztJfqYF7.mZQmwBkkIT/0L9e,2024-02-12 06:15:32
49,49,$2a$04$hxNldeLbo4mGGlk.b4n01O..sH5rd6i6t9o79PCsEaU9.JwS.PjLi,hebdon1c,$2a$04$m/ni74pMUIlV/ms8AQySw.maUFie3ERUjJ4fdvy7o6XCtXMQ5BITC,R32467415712693,$2a$04$wt1BoMNTOOlvAAPDIYJbBudBKEBPoIhT5pvVUSU9HDHYNJOUqo2hW,2023-09-19 15:21:01
50,50,$2a$04$.DAWiKz2q5GsKFfeHSxTweP35cfKAsSEnt4G42dU7EB/rz5af4D8G,jganing1d,$2a$04$/20x7PZBRpGUH5ZFf7KfAOrbL.KzME/h1oLxUiBKhXwayinnVwspy,L17198143740464,$2a$04$apz1vttWNOcndckpwaqDmOPJHh9pDRm03GGwEE/i9SMRRqnAI9VXq,2024-02-02 03:30:27
51,51,$2a$04$n0OewN4xUD0Dl5J4G3yJWOV.T4FaEC/IKDtK9natRphPR1Zv3Ip6y,opoyser1e,$2a$04$TlQ5XYOu5rANzHCm0/mSkuv7A8OcmMl0W4tQOgNZKxRTDiWpdW4TG,G80938912614857,$2a$04$9G5B3kGC1vo9nB58ZYLAmuMKoB.6uCST93MfWAUNEwJGM.mDyXEOW,2023-06-22 15:16:38
52,52,$2a$04$SHKYYBTxMX7TfUODxV1ShuYPwiC/Db4Z5q.KQBcEzRq9gLZH0358W,mlindores1f,$2a$04$wo3ww2SZyqPOi8dr5fnrBOGNVN0xjAi5tSl6JwsMzyEzef/6dbaPO,M20075773327216,$2a$04$Zf.t.J8ca2evwx2a3MFmG.8IrtBRfC5dz0Hrp4adUygeQXATgoQci,2023-02-17 06:20:25
53,53,$2a$04$WO.6QNw9/5E3gcoz3OGYruGkJcx1EhF9Dw1diqJgtGppcCp.sMTI6,hboulsher1g,$2a$04$m6FzfXdKp1y4autKQLJN0uhZ6D8Mymp.CB8ScTlVuKZLYOZ0Fj0H6,L31358716382097,$2a$04$bPfIuA9kTZP/MTUCFMbFiOOaM5P/vK7UsdK2QRFIXUAXSO2tpUvg2,2023-05-02 20:40:35
54,54,$2a$04$2YSiOkr7f6Jk2T5J6tTS1.f.tf4hCuK7VwCI6TaeKVtl1xegmy8V6,tfountain1h,$2a$04$39wOSHFHL9K2ftEJwVwhbudvATOzjqrg1DT9RwP4bozTqS.CuDpp2,I46829445941504,$2a$04$fc6kZ1XIh4xChTB/jZn/ie4XAbu2s1hak/HHH.H1r6nk6IvPHKJKi,2023-02-15 17:30:01
55,55,$2a$04$QyBUtSG/P8XGA9cWiwTcaOaTVW1Hg1EXCALbQAf4MVkxE2TcVSTUG,marndt1i,$2a$04$RB9FZpc1D3KclPfaEXY8U.UkoYdSNOtNfek0M1CN9FWN5CvrFMKDi,Z87956191940514,$2a$04$uklHCPCEA3zIyW5f/0LnH.dhLgG.mVB62zfDYgdFX13U2Jt2Wh5gi,2023-09-21 09:46:19
56,56,$2a$04$pNdh7bVO1w4PTwc0LNe38.xBeqSctrXho3.2IAPAzxP0yBcz8WV2y,sphilpots1j,$2a$04$4JzNKNsMgik1vjIkDWrCN.pNYeDZ0trG7o07CWsr8IcKy8XPzrnau,C55621240316826,$2a$04$/JccIiw1oSC6zJ0.LddcA.eLErOlw1NdGRWkwqDu6H95RMhuNIguq,2024-01-17 17:28:39
57,57,$2a$04$5B0XZDdBcHwjAfipxU54Me4sSuhQlBwooxhCH9HfazAgvjCK.KRgG,godam1k,$2a$04$DhcydXozTqTBYQs9jbmWQOA5HRQ/hglgYMn0bvBkWAHnDVYHSfELq,H44329017648746,$2a$04$WUK5r80zqvMuOWcc5pg5Y.QMGrsdAVuYm69Rela55Aoq1sxpkvtPa,2023-04-17 08:22:56
58,58,$2a$04$7rX/AKo9//BSfU3Va8NTUOo96Tl3/.m5wgrL6In78WlMVJ62ID0Um,aducarel1l,$2a$04$WO9/ix8Nd2Swm4BLpX71guCP/D2MgurxUr4AhDZARjCgckBeEjp/K,B57165421083888,$2a$04$CjorwD7DmN4hT1qlD/sumOHyTOg1KiTc4mEcP6WpPBUWNqKs3/iXS,2023-07-28 22:37:54
59,59,$2a$04$5B3dAVodQkq9XrCibfccF.Ea3ZA4dL7uopoou1tZlPY4LAwnWpO7m,csinden1m,$2a$04$ivNi4GbUTnqcj/CmF/crCuILcqXQZEVHIk59sB.F0sWNfGWQNZx1C,L86280958168215,$2a$04$n3Qv6LFs0vuWVCYedm6ZHOw9UDDTyGJxJNXiwITiq1D80cAxr8po6,2023-11-26 10:30:11
60,60,$2a$04$XK93.z9U95rpRTp4mdI53O0.UmhVYngNJK7LiB4/9/VU3rDIE6Lbu,hverna1n,$2a$04$.fBI.uT1mfmpKsgnE9m8XeTCrfuwEEC7xISoWx9S2FpUBWSUHXTKa,Y47534367074405,$2a$04$IRoc9zxJnZPwtOuoNic3eupolc09cVEw1ZW7//BIB4O.IPEFgB5Ci,2023-09-22 20:25:04
61,61,$2a$04$EaMnNI1JBBLQxrOX.liO7estRrEdQOK4ApEK4sldaLexB4HFaOOy.,baery1o,$2a$04$Xi02WBlrOKkW/B95UclkWOQWID5nphO3Od79dLAOyry0psjsY1woW,V02044656101322,$2a$04$BU7/6PXqmJxrL9sqBbu0.uNRAQZn3aEwpkNai9s4Zuo4Nkn5loHDW,2023-08-17 11:08:07
62,62,$2a$04$tI/1qXb/j3OeplIdjFo1suxe4lKiMgN3lVL6EkAy1gsxkW.5h6MS6,rleyden1p,$2a$04$tHReaNS7Qy3FgtMAlbOj5uqAJ1n3d/vLpk8rW2E0f2BNDqxmQgGhS,H90407484708606,$2a$04$Vg/R.7Q1JfCaDx/isEaFV.UbVJIgfS5IYNEuCQvhQD.GRs421HhzG,2023-07-16 17:45:06
63,63,$2a$04$pFFZpW9phOZB2QgEDRuet..XMrVj7Mpa4dXvsXaHDBq0ucgOR9086,hville1q,$2a$04$J0sJ0M.d/Nt99eoiZx3w9.sMTG59mUX4YsaWUjywuTqI/sNpNq1hS,O80736796876493,$2a$04$HvK7SSug/vV4nARCGVcWZeRSUVXTehw5cFbmce1qxd/ak4suAjloi,2023-05-17 16:48:32
64,64,$2a$04$iNOA8ar/wOyyNSct61vxkuPO9scfrfp5rousB6gQzcl26n4opbZES,eduffet1r,$2a$04$C30r/IRQ34ZR8juO53Wcq..HMGNvTPWyoPidVqZgZ.3TJAFG1xU7u,Z95743680827611,$2a$04$cBrwCSGV/svmWTF4XV7CUORbDGdke1TOCG11PHYpOQvlTHYEjJ9B2,2024-02-19 01:11:53
65,65,$2a$04$eCQ2KAl8P6YcYBEwBGDqy.caVIEar35LQsSzFB6WF5ffAiJfEXu8m,snayshe1s,$2a$04$wjxgBFbfDPt1mrYbxh2vEucJuDaZ3NQKtT1o8Ypsfn5QfsjDkLxKS,A37684236354769,$2a$04$DolQ73oHFqWIgfMS7cWb2ebXWzK49qUak3j/8ecDwOZEegPwkrEDW,2023-07-26 04:25:30
66,66,$2a$04$8N47rvCNqfyFT2ed4UNmSeMYkuP.KiDBJ1yWVD9qWtkVichsAWI7m,dflanagan1t,$2a$04$gMk87NHRcVibCUnufl71huZieP.kQn49.2NcorGb.PyKsLxoI2/7e,W13428237744308,$2a$04$dJSUkC00HOyJr0MK3kFYz.PQuSOiCaiRVgeA.c7ZhGTpVFWLJTfHy,2023-11-08 09:33:47
67,67,$2a$04$6LXyijQSc8f/UYHTZKIC1u.RkDT4/N0qmmdymuR8odus0f1dA8CxG,wmcsporon1u,$2a$04$2TPC9bkmtp32Yia/KsfXNul1WMsg24foXWkdNtrUzkMncTmPhpQiq,X05038336774308,$2a$04$LoxkB3gD.zbPiAMf8NWrxO0AC3j0Vzic8n/061tlWnCLx95xtqMSC,2023-08-12 23:38:56
68,68,$2a$04$sBweOkrpn8/ZqkHHw/ufLex33Bc85lpizx5P0AraaS6aijFDBhn3e,mkaes1v,$2a$04$DLKxlz1ZBV1ReaVH72epHudd4ypoYcYFNF/IEn61dWjxF6nDUkvj6,M34410259983655,$2a$04$z2G3laLFtVikXcK1aRYUX.KwTiFFjJF3IPLdrjzT9LF94UsVnDQRa,2023-10-23 07:35:32
69,69,$2a$04$8kXfMKTNmEWxP1OPoz0nA.R6.wljlY8e0ydUA8zgbp.VQwOkS2V.u,dgrafham1w,$2a$04$xX2oqMAOs0f0NsDNDx0WR.24.FclPQUB8aBnA7liPlTAhEiUPMD7S,O47133775612499,$2a$04$ekU7Zo5VPZHAjnajR5nqBO0j0AYZ89iXePnfxVv9dq1ZmI2AbdGG2,2023-10-20 12:19:43
70,70,$2a$04$pZ5JU06hidR4vWrxatSXqeGDOugrDaG1XKpJLIm57aiDLmgR3G7DG,omcrobbie1x,$2a$04$i/ONm89RyjNUSn.PNx.PEeTvzVsNkcume6NH5g4kQcE8zjOJ/dZTi,I52571110012274,$2a$04$WSe12uRtN6pv/992hFAD2ORd98Yzru3A/rCN9Lj4wA0LMznqRGzOW,2023-09-10 12:04:55
71,71,$2a$04$jGR73vSZWaNvYkJBsaS3k.CU5FjwZM4z2dwN.2bbl/EWwlCMKXn3W,abaignard1y,$2a$04$Qhw50WUDq/1Qulm0so/i6.Xln7WnB2iCQbv158fOGXtiEXOp3DCu2,P99697382211333,$2a$04$A77XOwjkfN484SKlUKlOeuvXc7LVsWaK2AQNwvFtu/yYV9.UzrWoa,2023-11-10 09:54:04
72,72,$2a$04$qfN.qt2cWXPZ.arMeYH4m.VAGsUK64kgyJorUR1RxT6xvc/yXiR8u,lbuist1z,$2a$04$UesEvtdKBfYvPpAXq33pBORjVwZ2UtXsRh9ldJplrolATSqrko/sK,Z22246453755953,$2a$04$cL/gK/qTq/Ttn7ky5gvMFeYhMXPm1eYomsuBirkMSiX0DMsMGDvcG,2023-11-20 12:14:46
73,73,$2a$04$M2gIK39jXq3G/f.UUcVqvu2iooAXJaFFPhLyp/ASVByI1tp3/beym,gvales20,$2a$04$9Tuo2RbBcjfLOb3KlnWbe.87W6PWpUlaGclSPsoCW.zMU1z7c/4GW,H12328706874311,$2a$04$hSV6EE9smk.zCaZ10KMTUOcxWoL/OtZ7JtgoCCNGN5QlAwgfL1yHa,2023-04-14 03:04:57
74,74,$2a$04$CTGIcpFeLxvdOWqteGttgewSfJl9QZAf5Ad5NrfD3wwdu6kVZzk8.,ctann21,$2a$04$p1ST58T8UnAABlBpdp3e0uqwV4iV4r1JqrQ2ulOIj3IyiZoRHrNdG,P03763988446210,$2a$04$DHqRdK/mQnOAXTaD/MwoOuZMP/QdUMD2DjHdgTdrgkZdo1SVDSUwS,2023-05-23 05:42:20
75,75,$2a$04$6HetqMwHWj/ThlF9QNvl2eQL49NihafjFQBI4nzOAa3uh.5Puum8q,fwoodyatt22,$2a$04$zwIlk4U3Moe0zNYaertwV.MAmo9Zi9ixNpMbz6Lib8Flp1ZDbcUIG,S60621089910288,$2a$04$q./JWUMNi0w62z2QQlCQeut36aA1WINk1Wd4ylGmMldps6DCLbzvW,2023-09-02 21:57:36
76,76,$2a$04$wKV.sXz8LUCXE.XvsfGiJ.yADLjRmL6NM97NQ6zfCXyitOmPE3oSq,kandrejs23,$2a$04$bY2dXQsxsoQUIZjrJ5n85eskcnESBRWYMw7m7By5otk7y139JVVZO,P02619369645592,$2a$04$owtRjRT0nC9oYXVf6xpXO.TvEe4RkVxwbQy0TmQVfPcdK9S6fU1Ki,2023-12-16 18:29:48
77,77,$2a$04$bzGhlP2PMzYXDIx3IB.aDOuqaj8mvYwk8dKprSo6bx0Gm8RDN.qLm,agrzegorek24,$2a$04$cUUYOe3pykWX4ixkkPXt5.MQijHTj09egGT.8lwNBbNU8/aFO3Naq,B34918302159673,$2a$04$BYhNf.TouvA155Ba9Xzg9uPR8XJIpMb6jWARSNZXD7Fv7PxNDHwP2,2023-01-03 23:16:23
78,78,$2a$04$JLkytkpTKQ4FUNpVlYptG.EAryQZpvGhuZu0sOlNcP5URK6FOe7/a,tfollacaro25,$2a$04$U//UoJpa.iBhdLM4zp.jZOpqvASdJvvvGznPmZrNAuwboZ0tBAQd.,O65134728147438,$2a$04$hZx.hQbn1eyArhiZyj/KaODYmVViuHAGg7vz6GxkHtzcfIKIL8m0G,2023-07-19 13:28:25
79,79,$2a$04$8I88zdSsjeRq3syXro2UWuauYFeiTnxtyEaiLGvMH/XavfQPhsOVq,rstokey26,$2a$04$f7ANXpfxhgHoePUZo.b5nOZhx9m1EzArV9XNj6ESL9f2VrDsPD6Qi,F99042566523843,$2a$04$VWzyfpC07xCB2zrm8Lpks.Qw3V22bEdNY26HQyHHl7brw8ITkfoDW,2023-10-24 13:07:07
80,80,$2a$04$Vr2JZ0QiSET3fvvgyepYe.xR6v7zOL/bvDmIVT9ZNCl3d0m/O1moy,hsherington27,$2a$04$SyEf57uJk2w5RRsZS5l7cehIEcEUqB10CDR4ARRUv20.V9bok5rDG,V86984467403845,$2a$04$SH8L5PE5UxuCdRFTrizRYerw8vlKr7vctkXFPmJ4hmscD9TftmbsC,2023-12-31 17:24:53
81,81,$2a$04$IbaIOvWAZJH5NTAayZPpy.jkEyk8tyNorXUDLKtPTQ415d1tcl0ZS,rlampkin28,$2a$04$4JW8XZlDTxwYzrqyTM3SEeUcXbG0Ji28QJsLviyWC63wEoqoIpvuC,G80037217004210,$2a$04$VXj52j.RbVrCqCNpqSqlwOyRH3e30jx/SA4wBYL45D8YKInj0RClS,2023-06-01 18:43:04
82,82,$2a$04$Jqi6wA708AQxrDo3BlzktO2SywH2V3gVm55ZuBO.rSM83Yk4NYc2m,mgadney29,$2a$04$ZQcYKG0ybsm3Mr2f4GgIk.pge9j7ivLREaKme.h4.Nj9JahMkxfri,S78264531825380,$2a$04$nbUyKQAxsiMosOlo5QHtMuaGY7tGwnUlsVSCSviKp2dX7.f4epn5K,2023-08-12 02:56:30
83,83,$2a$04$X7vhDtj3gBksCxua.7oiFuLF4tT72eir93xVEUb2KblCc8qCTRQii,cpridding2a,$2a$04$XVQ3SQZftxB/Atf7ThCBR.9gdUIW1FtpH3sRoD59q4QXR6Z409sxy,S78663267062594,$2a$04$Eu8TxDTUfICZrFWBXlYfpOdiETVGD54UOtkNtC7KBmBWWEhoiLOeK,2023-03-01 07:46:59
84,84,$2a$04$uHrnbiCGqqOFD87a.AIlTOXig81wgitfxcEA2fChG1.fZjTwfXfRq,rrehm2b,$2a$04$xOUTne56pAMKUpl/v4LJ9Oc2aiOJ7edF6jI4hY3AbqS7Brv94JfZ6,R55327608222646,$2a$04$wXLCJSSUMcoszLgQdhG1uuZRZD.WjRru.FGaeZncxiRQ/SZ1EPe7S,2023-06-24 08:52:34
85,85,$2a$04$51I9v4LBWugSqVccBdIu6eLVoyK2zxKtQun3H60McpN3wBQA.sy/G,kkerley2c,$2a$04$tB81JZVYEy6P6FRar0YyL.CI6Oqvr0R4N0QoUFDnbHyE.NRv2m2/O,D28089845211528,$2a$04$4/T7U4vWVmwTXaaVn2cZpeTYHDknwXqJ.EsNNDr5ns3C7/BieRIrW,2023-06-06 16:27:32
86,86,$2a$04$ZrpXbl4H7k8f93snE5Fei.NSboLd7RdN31Y6PJP.b/mGS8YoUFBIK,ademichetti2d,$2a$04$aQRldIJtNe6jLFR3czdaleRxgnxlvVjbeOlel8KDvGLATLfpcbtGC,X60663192259602,$2a$04$LmzllAvaHBcKGLSrrzfAouxi0g5C86.L5furSpTLPRHTYVSrV5mce,2023-12-22 09:29:56
87,87,$2a$04$1w5NTwLFL/2rdXhu8lOzd.pDwzAnCCfIeCulqmQhBFY6HTWAoLXjG,cbrabyn2e,$2a$04$/1Z0ETRwgANFjw01f4zxnexuRjEUx/B8ImGiplDDdPNxTc0E7ESfm,K33207070898698,$2a$04$MKVdGHhu9KVGO2CctTCnweySoZIKGWIhjbeokxl5Q87VzjyGym6zS,2023-08-09 02:36:30
88,88,$2a$04$SWfbYYGnquUKMmxL6fwM3uGuWY9yXXOcsNb.L5Z5uwf6NFsMjPTpS,erichfield2f,$2a$04$IM75ouBpgUrE1CokjOCu.uxLpcL0QbjQR8dW.y0WJEMglO6KZbkM6,T20615434348003,$2a$04$wpNB.yFvr2d1hrWBPfEy6efG541g9/non4.s2SyHzbbx/KsYF7IIC,2023-03-19 12:01:40
89,89,$2a$04$PFbLy8jP12sbJ/pwJ4YLleLbzYcLZMRRm/VN.sDkIHc5LKGZvIks2,hpisculli2g,$2a$04$bp6yVPMpVQpm.13jbPLYEeGevMixvQBMj6U5J4xuLY0eVnLH.GHbe,P85627288777633,$2a$04$XV8NKPWCYIX4h9uaX7UXzO5.otrnBoEVZW4C0QkBJUJGq6f5ghJCK,2023-08-24 19:54:21
90,90,$2a$04$lN6vkL7wWePntA9KgAaE9e2q66C20dfJHNGgiHxobWfPUv0I.2lEq,twhoolehan2h,$2a$04$IhIRBQY4lpDtwkdPe1vVCuC1SUIA/bJ57TYPEWYoQ3Uf8zMojqkLy,L42821292256637,$2a$04$laRZfiEQrYl3CuPR3nRhReEAkI5zgf9DfYM7GHgBpyu8e1V.lQAn6,2023-06-01 15:17:32
91,91,$2a$04$LQpGuR.2lYui9.iljmdE0e.DQJkbTSeQ6ZDs1L58V760AoonMvWWi,fisacsson2i,$2a$04$E3yNl7AL3sxPMrMdrn0hju9t15K27J9E0oLupDs.3QpJiDd7wzkJe,C40509706420873,$2a$04$Op.s2xak57iBzME7NynNK.bW9SFclRvKKYzSvALYrjUoNKSIJU4p.,2023-02-02 07:23:44
92,92,$2a$04$XxZZ5QihXK77ljgDjSOrze1JBAOT75IC1XmNWiUliKRpvSldvNpCm,eradleigh2j,$2a$04$Xu0I3pymkt6FO8rEeGNuHemcAnENJ2U1v65LrlpdIMKBLA6Ti1Ovi,K36951559193366,$2a$04$yBJeJifkixkuucwdRhDVxOE451owhQ8MjMOTm4gimFRmN6/.FXTOq,2023-04-17 22:02:21
93,93,$2a$04$0besx.UUypi6/9scvfuI8OnA08Pf6uYdKaQOMWnXeGpSjmFxDZeBO,bstutely2k,$2a$04$XixEJdXrjj8lfUN3R8tQmuRqbPiRfjBknNC2/D5ivSclAGCQytKKu,Y24541935766463,$2a$04$FtSvcs0.o3mHaiiwROUkxuK/Jaddif8Z/voaYgkqXtykFgq2zmcUq,2023-08-07 04:14:09
94,94,$2a$04$dxXvyi5ksyFeHZsSfSs6bO1Do/mzJ9qhqgzVrNzm0ICK8fSRJT6CW,khumby2l,$2a$04$rVMnDJnjKYhVCof8FNtc9u2R2ycPh/e2dzxGWCTpsZN7rRs2ziNN.,P05126300077881,$2a$04$CbNYUAfzg./N7S/dlCaxau9i8NHkPsH33r/kb4oI.du7bL1PCiu8G,2023-10-29 22:07:33
95,95,$2a$04$TzA4zV5p1U.YtAv/xceWOuqGmJ7slnhqYMiUlr3iQkGVTPKIF2MMm,rwrennall2m,$2a$04$3zoR7.oAKZzbB39r9sWMju/WnOHC08.G5X61Syq8OiJw5WQTBDRhG,A55871052639720,$2a$04$ye7kfaVYyisKoXuyZT4dHObfoFNZIO5pgYJU5rEDnf4.A9ChgSt.y,2023-08-23 12:09:54
96,96,$2a$04$nMLXE1HbsZZtOkOnnfACDOW2K1mtN6kYRMLohSzWgN3HXyj0gR6qu,nbaker2n,$2a$04$B/pUe1n8m5HWn9/GKsk4SOFgmnM2uX.Ll5NoZwJXkGbUWi/WOpwm6,P28429469573106,$2a$04$jpV8U8RaXlTX79zswCzbU.LFPAqWPP10RLfeVGEMkGbIgEVvnYYUO,2023-05-01 02:18:19
97,97,$2a$04$7516E96.dg/iT9Ij8x5hdeTqHu5hSJhOWstFZB0Ac9byXbl/xBZVq,rliggins2o,$2a$04$9taCKwPFcZyJDBUmJSOMsOeo2JayLnPNRkUW/EcY4LcNVQ9pdrxAC,A62292371957560,$2a$04$Dld8OhnGkBTIZppF3VEjPe7kS.k12eOly.UzxUcQgeHoY/yr33MwO,2023-09-01 00:30:49
98,98,$2a$04$xpTMgzvvvFeZdZOgAIa8su1koZKcMQs8uUCF8HGHSIKMqXAlh0TCa,dhanson2p,$2a$04$jgtwcfp9CyGkOowHw/62du6yFh0AMIf77sBTQfYbrzAZ612h5zNji,H30409516776577,$2a$04$2Vd2aaT7w82A3MTxpzrTwOKA9dmg.GAUB5lqyXdKd.gsu880Nq4gq,2023-10-18 18:06:55
99,99,$2a$04$yzUl5iy8V3l.8wiKD1eJoe2qXvBZWt.Q0aiSuDavqzLxN8/1gGG4a,ahouson2q,$2a$04$SsmhdPGb6wOqX0xQ5p0QeOhAGVUoctrjcXv.Hb0OgIqN/2ny7J8cu,M41895950227240,$2a$04$ew1y4a8lt3.N50N9iU4j0eM0kJ6SLnuXizMudqvbrIWaZ7vMCMEzO,2023-02-17 04:56:44
100,100,$2a$04$PAvvzo5JbhSrDiy0rCieS.T7Epr19QxewC2USDfOvhSjXY9oglsxm,zbeazleigh2r,$2a$04$CcpbMAw9xL47bPpww4NDO.0JzakuGDa9wa/Qz7rIS6jB3kfRDw1Iu,M40990686566614,$2a$04$hTVIDJjo4wHWdXYcYQgJBe5mfEMmmtB/ERoFUQ73iwenodXhWuKaW,2023-07-20 19:11:48
