1,Corrianne,Coulling,631-642-4350
2,Agneta,Crowdace,918-526-6108
3,Quinta,Bride,751-781-0960
4,Emanuele,Siret,557-342-2257
5,Jacqui,Napolione,635-721-4527
6,Harli,MacComiskey,630-684-1920
7,Rosanne,Flores,108-178-9679
8,Meredith,Arendt,456-199-7364
9,Giles,Redihough,202-182-6624
10,Shaina,Ossulton,353-215-1058
11,Risa,Maingot,215-591-4600
12,Rad,Akett,907-391-8166
13,Etheline,Fawdry,944-523-5644
14,Eb,Fawdrey,523-115-8138
15,Carlie,Weaving,372-995-2484
16,Gaspard,Hortop,435-104-8456
17,Herman,Blunden,386-763-8452
18,Yancy,Holleworth,614-471-5511
19,Annette,Twitchings,647-371-9041
20,Meryl,Openshaw,209-769-8935
21,Joline,Tourry,941-215-5525
22,Amanda,Dawidowsky,400-723-8235
23,Ina,Koenraad,137-729-6150
24,Deana,Getsham,918-126-7242
25,Maryann,Kretchmer,843-621-9289
26,Fulvia,Bark,360-286-8259
27,Gardy,Dmiterko,820-858-2708
28,Vivyanne,Challenor,661-238-5245
29,Alisun,Dashper,746-782-8837
30,Helen-elizabeth,Grayne,891-661-4859
31,Warren,Cregg,913-538-0727
32,Davey,Brazear,580-499-9848
33,Chip,Strut,280-915-2737
34,Vasilis,Rozzell,602-730-0352
35,Kaitlyn,Meriel,407-260-0581
36,Carlye,McQuillin,921-416-4289
37,Cynthy,Adamsson,151-599-6468
38,Sansone,Gregoletti,865-433-1872
39,Pauline,Huonic,426-211-2186
40,Orella,Jurisic,382-115-8258
41,Vitia,Pfiffer,244-306-7669
42,Silas,Ashling,767-726-7756
43,Reggie,Stidever,667-369-8685
44,Kira,Callaghan,798-176-6783
45,Saloma,Pecht,143-649-3060
46,Esta,Muehle,599-251-1793
47,Marc,Cerith,672-590-8066
48,Else,Curee,163-431-2059
49,Sallie,Rembrandt,179-900-9851
50,Melitta,Inge,350-469-3651
51,Grannie,Geggus,901-964-2318
52,Wilow,Gudgen,668-498-5026
53,Bobette,Pietzker,643-957-8569
54,Delilah,Gypps,612-726-0206
55,Kaylyn,Cheyney,606-493-3770
56,Dusty,Este,155-975-0938
57,Darin,Horick,133-188-8864
58,Eldon,Loody,186-711-9108
59,Bartholomeus,Pattle,480-515-9494
60,Amory,Lewis,239-239-9398
61,Anstice,Vigneron,608-441-0549
62,Francoise,Inglese,506-363-2523
63,Martguerita,Lere,686-647-5455
64,Lula,Kennet,969-290-7888
65,Briant,Minnis,387-931-9659
66,Garrik,Bradburn,184-646-1458
67,L;urette,Oldford,103-339-1320
68,Maximo,Boddam,228-432-0946
69,Lee,Maudling,342-969-6434
70,Gilbertina,Collelton,260-663-7398
71,Hillyer,Norker,605-505-0809
72,Caryn,Woolnough,895-512-6712
73,Marlo,Bruniges,178-930-1999
74,Saxe,Yeandel,978-117-9505
75,Rhea,Ivery,708-657-8621
76,Anthiathia,Morden,376-565-7507
77,Ermanno,Pauleit,246-194-8154
78,Clemmie,Kattenhorn,823-727-9660
79,Albert,Maylor,274-186-4001
80,Teri,Colombier,718-993-1936
81,Weston,Von Der Empten,722-642-3219
82,Edgardo,Blakes,163-973-5181
83,Ambrose,Ducham,837-579-0209
84,Ed,Klimus,699-590-5729
85,Bennie,Neely,798-881-7655
86,Brigida,Kebbell,113-501-8586
87,Natty,Stonehewer,492-411-6992
88,Conny,Kitchen,586-374-6120
89,Galen,Valek,981-673-9464
90,Minne,Heymes,743-693-2086
91,Bourke,Beat,360-383-2556
92,Had,Farnie,731-907-8385
93,Lockwood,Stobo,875-441-6188
94,Kassia,Rorke,449-658-3361
95,Darleen,Skipsea,307-933-9118
96,Doyle,Thunderman,435-322-7609
97,Gorden,Eathorne,924-979-0883
98,Ema,Meriguet,658-479-4205
99,Boycie,Fawson,937-959-1961
100,Jarrad,Ruller,354-698-2039
